{
  "0": {
    "precision": 0.0,
    "recall": 0.0,
    "f1-score": 0.0,
    "support": 6574.0
  },
  "1": {
    "precision": 0.26890569395017794,
    "recall": 1.0,
    "f1-score": 0.4238387379491674,
    "support": 2418.0
  },
  "accuracy": 0.26890569395017794,
  "macro avg": {
    "precision": 0.13445284697508897,
    "recall": 0.5,
    "f1-score": 0.2119193689745837,
    "support": 8992.0
  },
  "weighted avg": {
    "precision": 0.07231027223882676,
    "recall": 0.26890569395017794,
    "f1-score": 0.11397264995118846,
    "support": 8992.0
  }
}