{
  "accuracy": [
    0.8595563173294067,
    0.8664188385009766,
    0.8779993653297424,
    0.8825267553329468,
    0.8864345550537109,
    0.8892939686775208,
    0.8964900970458984,
    0.9004455804824829,
    0.90354323387146,
    0.9093335270881653,
    0.9113589525222778,
    0.9137417674064636,
    0.9177448749542236,
    0.9197226166725159,
    0.9222245812416077,
    0.9228917956352234,
    0.9262039065361023,
    0.9274429678916931,
    0.9314461350440979,
    0.9337098002433777
  ],
  "auc": [
    0.9095975756645203,
    0.9334165453910828,
    0.9461111426353455,
    0.9517131447792053,
    0.9569355845451355,
    0.9604537487030029,
    0.9641546010971069,
    0.9679467082023621,
    0.9701951146125793,
    0.9725589156150818,
    0.9734503030776978,
    0.9749423265457153,
    0.9774242639541626,
    0.9785599112510681,
    0.9794788956642151,
    0.9798377156257629,
    0.9814552664756775,
    0.9823722839355469,
    0.9839318990707397,
    0.9844855070114136
  ],
  "loss": [
    0.3445901572704315,
    0.3107725977897644,
    0.2849266827106476,
    0.27035218477249146,
    0.256396621465683,
    0.24643674492835999,
    0.23582367599010468,
    0.22316551208496094,
    0.2163195013999939,
    0.2084255814552307,
    0.2046438604593277,
    0.20007619261741638,
    0.19019918143749237,
    0.18528355658054352,
    0.1807829737663269,
    0.1796058714389801,
    0.17147038877010345,
    0.1683090627193451,
    0.16050809621810913,
    0.15693515539169312
  ],
  "precision": [
    0.8249971270561218,
    0.8407555222511292,
    0.8544189929962158,
    0.8592791557312012,
    0.8709849715232849,
    0.8778796792030334,
    0.8871690034866333,
    0.8960091471672058,
    0.9004301428794861,
    0.9056218266487122,
    0.9053429961204529,
    0.9117533564567566,
    0.9159556031227112,
    0.9177529811859131,
    0.921286940574646,
    0.9215989708900452,
    0.9237302541732788,
    0.9256123900413513,
    0.9308515191078186,
    0.9307266473770142
  ],
  "recall": [
    0.9418894648551941,
    0.9310374855995178,
    0.9353258013725281,
    0.9378637671470642,
    0.929068386554718,
    0.9254364967346191,
    0.9279307126998901,
    0.9244738221168518,
    0.9251739382743835,
    0.9304686188697815,
    0.9349757432937622,
    0.9317814111709595,
    0.9347131848335266,
    0.9365072250366211,
    0.9372511506080627,
    0.9382138252258301,
    0.9422832727432251,
    0.9425020813941956,
    0.9442523717880249,
    0.948890745639801
  ],
  "val_accuracy": [
    0.017682384699583054,
    0.9813167452812195,
    0.9608541131019592,
    0.9160364866256714,
    0.9318283200263977,
    0.9319394826889038,
    0.944728672504425,
    0.9469528198242188,
    0.9608541131019592,
    0.9585186839103699,
    0.9608541131019592,
    0.965858519077301,
    0.9626334309577942,
    0.8838967680931091,
    0.9631894826889038,
    0.9289368391036987,
    0.9123665690422058,
    0.8191726207733154,
    0.9120329022407532,
    0.9258229732513428
  ],
  "val_auc": [
    0.7362634539604187,
    0.7689638137817383,
    0.811829149723053,
    0.8622507452964783,
    0.8842523097991943,
    0.8919603228569031,
    0.8848624229431152,
    0.8924522995948792,
    0.9014639854431152,
    0.8633167147636414,
    0.860568642616272,
    0.8862110376358032,
    0.8935573697090149,
    0.8084306716918945,
    0.8881452679634094,
    0.8212705850601196,
    0.8590466380119324,
    0.8760281205177307,
    0.8344867825508118,
    0.9109827280044556
  ],
  "val_loss": [
    0.7561953663825989,
    0.44905146956443787,
    0.538573145866394,
    0.4675371050834656,
    0.3166279196739197,
    0.36712443828582764,
    0.33870068192481995,
    0.27335619926452637,
    0.22346317768096924,
    0.24207894504070282,
    0.2605575919151306,
    0.21669189631938934,
    0.17998909950256348,
    0.35830527544021606,
    0.1792674958705902,
    0.35598552227020264,
    0.22503623366355896,
    0.487366259098053,
    0.35211291909217834,
    0.21894188225269318
  ],
  "val_precision": [
    0.017682384699583054,
    0.30434781312942505,
    0.08936170488595963,
    0.09178081899881363,
    0.10314685106277466,
    0.10608695447444916,
    0.11415524780750275,
    0.13364055752754211,
    0.1590106040239334,
    0.1834319531917572,
    0.1897106170654297,
    0.21755725145339966,
    0.193771630525589,
    0.08215297758579254,
    0.21895425021648407,
    0.12264151126146317,
    0.10440251231193542,
    0.07329843193292618,
    0.10499999672174454,
    0.1350574642419815
  ],
  "val_recall": [
    1.0,
    0.044025156646966934,
    0.1320754736661911,
    0.42138364911079407,
    0.37106919288635254,
    0.3836477994918823,
    0.31446540355682373,
    0.36477985978126526,
    0.2830188572406769,
    0.3899371027946472,
    0.37106919288635254,
    0.35849055647850037,
    0.3522012531757355,
    0.5471698045730591,
    0.42138364911079407,
    0.49056604504585266,
    0.5220125913619995,
    0.7924528121948242,
    0.5283018946647644,
    0.5911949872970581
  ],
  "learning_rate": [
    0.0010000000474974513,
    0.0010000000474974513,
    0.0010000000474974513,
    0.0010000000474974513,
    0.0010000000474974513,
    0.0010000000474974513,
    0.0010000000474974513,
    0.0010000000474974513,
    0.0010000000474974513,
    0.0010000000474974513,
    0.0010000000474974513,
    0.0010000000474974513,
    0.0010000000474974513,
    0.0010000000474974513,
    0.0010000000474974513,
    0.0010000000474974513,
    0.0010000000474974513,
    0.0010000000474974513,
    0.0005000000237487257,
    0.0005000000237487257
  ]
}