{
  "accuracy": [
    0.9776014685630798,
    0.9735506176948547,
    0.9613029360771179,
    0.9592298865318298,
    0.8391593098640442,
    0.8587461709976196,
    0.9296351671218872,
    0.9036386013031006,
    0.8962994813919067,
    0.9388090372085571,
    0.9100245237350464,
    0.8746872544288635
  ],
  "loss": [
    0.07086936384439468,
    0.09842746704816818,
    0.1486409604549408,
    0.3807377517223358,
    0.4247708320617676,
    0.2774331569671631,
    0.27664557099342346,
    0.31551921367645264,
    0.22393597662448883,
    0.28345805406570435,
    0.33575960993766785,
    0.3520369529724121
  ],
  "precision": [
    0.9835774898529053,
    0.9784337878227234,
    0.9671275615692139,
    0.9815213084220886,
    0.8471424579620361,
    0.8645465970039368,
    0.9390127658843994,
    0.9148732423782349,
    0.9016470313072205,
    0.9493322968482971,
    0.9306064248085022,
    0.8952358365058899
  ],
  "recall": [
    0.9898792505264282,
    0.9903611540794373,
    0.9875262379646301,
    0.9697511196136475,
    0.9866757392883301,
    0.9865056276321411,
    0.9799285531044006,
    0.9761864542961121,
    0.9839541912078857,
    0.9794749617576599,
    0.9649033546447754,
    0.9636843204498291
  ],
  "val_accuracy": [
    0.9827624559402466,
    0.9827624559402466,
    0.9827624559402466,
    0.9827624559402466,
    0.9827624559402466,
    0.9827624559402466,
    0.9827624559402466,
    0.9827624559402466,
    0.9827624559402466,
    0.9827624559402466,
    0.9827624559402466,
    0.9827624559402466
  ],
  "val_loss": [
    0.2738564610481262,
    0.2076995074748993,
    0.18823489546775818,
    0.22735807299613953,
    0.19122014939785004,
    0.16595827043056488,
    0.10233788192272186,
    0.21406790614128113,
    0.2136877477169037,
    0.17815694212913513,
    0.11517715454101562,
    0.1863606721162796
  ],
  "val_precision": [
    0.9827624559402466,
    0.9827624559402466,
    0.9827624559402466,
    0.9827624559402466,
    0.9827624559402466,
    0.9827624559402466,
    0.9827624559402466,
    0.9827624559402466,
    0.9827624559402466,
    0.9827624559402466,
    0.9827624559402466,
    0.9827624559402466
  ],
  "val_recall": [
    1.0,
    1.0,
    1.0,
    1.0,
    1.0,
    1.0,
    1.0,
    1.0,
    1.0,
    1.0,
    1.0,
    1.0
  ],
  "learning_rate": [
    0.0010000000474974513,
    0.0010000000474974513,
    0.0010000000474974513,
    0.0010000000474974513,
    0.0010000000474974513,
    0.0010000000474974513,
    0.0010000000474974513,
    0.0010000000474974513,
    0.0010000000474974513,
    0.0010000000474974513,
    0.0005000000237487257,
    0.0005000000237487257
  ]
}