{
  "run_id": 81,
  "seed": 123,
  "run_duration": 60.0,
  "dt": 0.1,
  "initial_quaternion": [
    0.07074031882750226,
    0.9974947655462576,
    0.0,
    0.0
  ],
  "initial_angular_velocity": [
    0.05,
    0.0,
    0.0
  ],
  "fault_injected": true,
  "fault_windows": [
    {
      "start": 13.932955419814009,
      "end": 20.776673526800707,
      "kind": "noise_burst",
      "params": {
        "sigma": 0.013518118021700606
      }
    }
  ]
}