{
  "run_id": 54,
  "seed": 96,
  "run_duration": 60.0,
  "dt": 0.1,
  "initial_quaternion": [
    0.07074031882750226,
    0.9974947655462576,
    0.0,
    0.0
  ],
  "initial_angular_velocity": [
    0.05,
    0.0,
    0.0
  ],
  "fault_injected": true,
  "fault_windows": [
    {
      "start": 25.738658486710126,
      "end": 35.63664399847555,
      "kind": "freeze",
      "params": {}
    }
  ]
}