{
  "run_id": 36,
  "seed": 78,
  "run_duration": 60.0,
  "dt": 0.1,
  "initial_quaternion": [
    0.07074031882750226,
    0.9974947655462576,
    0.0,
    0.0
  ],
  "initial_angular_velocity": [
    0.05,
    0.0,
    0.0
  ],
  "fault_injected": true,
  "fault_windows": [
    {
      "start": 24.652194729806126,
      "end": 38.02347676851905,
      "kind": "gyro_bias",
      "params": {
        "bias": [
          0.0,
          0.0,
          -0.024893391738034863
        ]
      }
    }
  ]
}