{
  "run_id": 39,
  "seed": 81,
  "run_duration": 60.0,
  "dt": 0.1,
  "initial_quaternion": [
    0.07074031882750226,
    0.9974947655462576,
    0.0,
    0.0
  ],
  "initial_angular_velocity": [
    0.05,
    0.0,
    0.0
  ],
  "fault_injected": true,
  "fault_windows": [
    {
      "start": 38.83334349081512,
      "end": 49.93798586807237,
      "kind": "gyro_bias",
      "params": {
        "bias": [
          -0.027781813816893895,
          0.0,
          0.0
        ]
      }
    }
  ]
}