{
  "run_id": 6,
  "seed": 48,
  "run_duration": 60.0,
  "dt": 0.1,
  "initial_quaternion": [
    0.07074031882750226,
    0.9974947655462576,
    0.0,
    0.0
  ],
  "initial_angular_velocity": [
    0.05,
    0.0,
    0.0
  ],
  "fault_injected": true,
  "fault_windows": [
    {
      "start": 24.49681962194436,
      "end": 36.44173866201839,
      "kind": "noise_burst",
      "params": {
        "sigma": 0.0230499349950678
      }
    }
  ]
}