{
  "run_id": 8,
  "seed": 50,
  "run_duration": 60.0,
  "dt": 0.1,
  "initial_quaternion": [
    0.07074031882750226,
    0.9974947655462576,
    0.0,
    0.0
  ],
  "initial_angular_velocity": [
    0.05,
    0.0,
    0.0
  ],
  "fault_injected": true,
  "fault_windows": [
    {
      "start": 25.7245605666321,
      "end": 40.45905152803323,
      "kind": "freeze",
      "params": {}
    }
  ]
}