{
  "run_id": 9,
  "seed": 51,
  "run_duration": 60.0,
  "dt": 0.1,
  "initial_quaternion": [
    0.07074031882750226,
    0.9974947655462576,
    0.0,
    0.0
  ],
  "initial_angular_velocity": [
    0.05,
    0.0,
    0.0
  ],
  "fault_injected": true,
  "fault_windows": [
    {
      "start": 15.176638838916885,
      "end": 22.402824088819095,
      "kind": "freeze",
      "params": {}
    }
  ]
}