{
  "run_id": 35,
  "seed": 77,
  "run_duration": 60.0,
  "dt": 0.1,
  "initial_quaternion": [
    0.07074031882750226,
    0.9974947655462576,
    0.0,
    0.0
  ],
  "initial_angular_velocity": [
    0.05,
    0.0,
    0.0
  ],
  "fault_injected": true,
  "fault_windows": [
    {
      "start": 14.779975090323775,
      "end": 23.124507155103053,
      "kind": "noise_burst",
      "params": {
        "sigma": 0.016373803955355645
      }
    }
  ]
}