{
  "run_id": 3,
  "seed": 45,
  "run_duration": 60.0,
  "dt": 0.1,
  "initial_quaternion": [
    0.07074031882750226,
    0.9974947655462576,
    0.0,
    0.0
  ],
  "initial_angular_velocity": [
    0.05,
    0.0,
    0.0
  ],
  "fault_injected": true,
  "fault_windows": [
    {
      "start": 33.49140863286934,
      "end": 46.608336302965405,
      "kind": "freeze",
      "params": {}
    }
  ]
}