{
  "run_id": 51,
  "seed": 93,
  "run_duration": 60.0,
  "dt": 0.1,
  "initial_quaternion": [
    0.07074031882750226,
    0.9974947655462576,
    0.0,
    0.0
  ],
  "initial_angular_velocity": [
    0.05,
    0.0,
    0.0
  ],
  "fault_injected": true,
  "fault_windows": [
    {
      "start": 22.53684583159885,
      "end": 31.88482807582963,
      "kind": "noise_burst",
      "params": {
        "sigma": 0.02326320802757272
      }
    }
  ]
}