{
  "run_id": 0,
  "seed": 42,
  "run_duration": 60.0,
  "dt": 0.1,
  "initial_quaternion": [
    0.07074031882750226,
    0.9974947655462576,
    0.0,
    0.0
  ],
  "initial_angular_velocity": [
    0.05,
    0.0,
    0.0
  ],
  "fault_injected": true,
  "fault_windows": [
    {
      "start": 36.90952511680977,
      "end": 48.88320540740341,
      "kind": "noise_burst",
      "params": {
        "sigma": 0.01188354695775299
      }
    }
  ]
}