{
  "run_id": 25,
  "seed": 67,
  "run_duration": 60.0,
  "dt": 0.1,
  "initial_quaternion": [
    0.07074031882750226,
    0.9974947655462576,
    0.0,
    0.0
  ],
  "initial_angular_velocity": [
    0.05,
    0.0,
    0.0
  ],
  "fault_injected": true,
  "fault_windows": [
    {
      "start": 24.5034612892213,
      "end": 32.475887507239875,
      "kind": "noise_burst",
      "params": {
        "sigma": 0.02196073904041693
      }
    }
  ]
}