{
  "run_id": 45,
  "seed": 87,
  "run_duration": 60.0,
  "dt": 0.1,
  "initial_quaternion": [
    0.07074031882750226,
    0.9974947655462576,
    0.0,
    0.0
  ],
  "initial_angular_velocity": [
    0.05,
    0.0,
    0.0
  ],
  "fault_injected": true,
  "fault_windows": [
    {
      "start": 12.206111752799774,
      "end": 22.014561325031462,
      "kind": "gyro_bias",
      "params": {
        "bias": [
          0.0,
          0.0,
          -0.027121323723330926
        ]
      }
    }
  ]
}