{
  "run_id": 14,
  "seed": 56,
  "run_duration": 60.0,
  "dt": 0.1,
  "initial_quaternion": [
    0.07074031882750226,
    0.9974947655462576,
    0.0,
    0.0
  ],
  "initial_angular_velocity": [
    0.05,
    0.0,
    0.0
  ],
  "fault_injected": true,
  "fault_windows": [
    {
      "start": 41.30883843969393,
      "end": 53.554880560931934,
      "kind": "noise_burst",
      "params": {
        "sigma": 0.02088424318018767
      }
    }
  ]
}