{
  "run_id": 17,
  "seed": 59,
  "run_duration": 60.0,
  "dt": 0.1,
  "initial_quaternion": [
    0.07074031882750226,
    0.9974947655462576,
    0.0,
    0.0
  ],
  "initial_angular_velocity": [
    0.05,
    0.0,
    0.0
  ],
  "fault_injected": true,
  "fault_windows": [
    {
      "start": 10.209976088900998,
      "end": 18.984272175657857,
      "kind": "freeze",
      "params": {}
    }
  ]
}