{
  "run_id": 79,
  "seed": 121,
  "run_duration": 60.0,
  "dt": 0.1,
  "initial_quaternion": [
    0.07074031882750226,
    0.9974947655462576,
    0.0,
    0.0
  ],
  "initial_angular_velocity": [
    0.05,
    0.0,
    0.0
  ],
  "fault_injected": true,
  "fault_windows": [
    {
      "start": 35.67336940156104,
      "end": 46.48058835596425,
      "kind": "noise_burst",
      "params": {
        "sigma": 0.02187123562874623
      }
    }
  ]
}