{
  "run_id": 44,
  "seed": 86,
  "run_duration": 60.0,
  "dt": 0.1,
  "initial_quaternion": [
    0.07074031882750226,
    0.9974947655462576,
    0.0,
    0.0
  ],
  "initial_angular_velocity": [
    0.05,
    0.0,
    0.0
  ],
  "fault_injected": true,
  "fault_windows": [
    {
      "start": 28.161049306660544,
      "end": 36.8864903492434,
      "kind": "gyro_bias",
      "params": {
        "bias": [
          0.024733961047986416,
          0.0,
          0.0
        ]
      }
    }
  ]
}