{
  "run_id": 37,
  "seed": 79,
  "run_duration": 60.0,
  "dt": 0.1,
  "initial_quaternion": [
    0.07074031882750226,
    0.9974947655462576,
    0.0,
    0.0
  ],
  "initial_angular_velocity": [
    0.05,
    0.0,
    0.0
  ],
  "fault_injected": true,
  "fault_windows": [
    {
      "start": 39.23092874407879,
      "end": 44.58839435380121,
      "kind": "freeze",
      "params": {}
    }
  ]
}