{
  "run_id": 47,
  "seed": 89,
  "run_duration": 60.0,
  "dt": 0.1,
  "initial_quaternion": [
    0.07074031882750226,
    0.9974947655462576,
    0.0,
    0.0
  ],
  "initial_angular_velocity": [
    0.05,
    0.0,
    0.0
  ],
  "fault_injected": true,
  "fault_windows": [
    {
      "start": 32.32029164871724,
      "end": 37.51690159547601,
      "kind": "gyro_bias",
      "params": {
        "bias": [
          0.0,
          0.0,
          -0.031602837059037804
        ]
      }
    }
  ]
}