{
  "run_id": 66,
  "seed": 108,
  "run_duration": 60.0,
  "dt": 0.1,
  "initial_quaternion": [
    0.07074031882750226,
    0.9974947655462576,
    0.0,
    0.0
  ],
  "initial_angular_velocity": [
    0.05,
    0.0,
    0.0
  ],
  "fault_injected": true,
  "fault_windows": [
    {
      "start": 10.244600050547067,
      "end": 18.75092691231515,
      "kind": "freeze",
      "params": {}
    }
  ]
}