{
  "run_id": 40,
  "seed": 82,
  "run_duration": 60.0,
  "dt": 0.1,
  "initial_quaternion": [
    0.07074031882750226,
    0.9974947655462576,
    0.0,
    0.0
  ],
  "initial_angular_velocity": [
    0.05,
    0.0,
    0.0
  ],
  "fault_injected": true,
  "fault_windows": [
    {
      "start": 13.836710376093821,
      "end": 28.63816450568403,
      "kind": "noise_burst",
      "params": {
        "sigma": 0.01817177960971338
      }
    }
  ]
}