{
  "run_id": 82,
  "seed": 124,
  "run_duration": 60.0,
  "dt": 0.1,
  "initial_quaternion": [
    0.07074031882750226,
    0.9974947655462576,
    0.0,
    0.0
  ],
  "initial_angular_velocity": [
    0.05,
    0.0,
    0.0
  ],
  "fault_injected": true,
  "fault_windows": [
    {
      "start": 40.888896630822686,
      "end": 53.369494359918335,
      "kind": "freeze",
      "params": {}
    }
  ]
}