{
  "run_id": 73,
  "seed": 115,
  "run_duration": 60.0,
  "dt": 0.1,
  "initial_quaternion": [
    0.07074031882750226,
    0.9974947655462576,
    0.0,
    0.0
  ],
  "initial_angular_velocity": [
    0.05,
    0.0,
    0.0
  ],
  "fault_injected": true,
  "fault_windows": [
    {
      "start": 25.59008619412183,
      "end": 38.801558439251735,
      "kind": "gyro_bias",
      "params": {
        "bias": [
          0.0,
          -0.010030871285671102,
          0.0
        ]
      }
    }
  ]
}