{
  "run_id": 13,
  "seed": 55,
  "run_duration": 60.0,
  "dt": 0.1,
  "initial_quaternion": [
    0.07074031882750226,
    0.9974947655462576,
    0.0,
    0.0
  ],
  "initial_angular_velocity": [
    0.05,
    0.0,
    0.0
  ],
  "fault_injected": true,
  "fault_windows": [
    {
      "start": 13.861028358334424,
      "end": 21.16199986445398,
      "kind": "freeze",
      "params": {}
    }
  ]
}