{
  "run_id": 75,
  "seed": 117,
  "run_duration": 60.0,
  "dt": 0.1,
  "initial_quaternion": [
    0.07074031882750226,
    0.9974947655462576,
    0.0,
    0.0
  ],
  "initial_angular_velocity": [
    0.05,
    0.0,
    0.0
  ],
  "fault_injected": true,
  "fault_windows": [
    {
      "start": 27.74620104913923,
      "end": 36.35086376045355,
      "kind": "gyro_bias",
      "params": {
        "bias": [
          -0.03053413587281449,
          0.0,
          0.0
        ]
      }
    }
  ]
}