{
  "run_id": 62,
  "seed": 104,
  "run_duration": 60.0,
  "dt": 0.1,
  "initial_quaternion": [
    0.07074031882750226,
    0.9974947655462576,
    0.0,
    0.0
  ],
  "initial_angular_velocity": [
    0.05,
    0.0,
    0.0
  ],
  "fault_injected": true,
  "fault_windows": [
    {
      "start": 13.779197816165686,
      "end": 20.033316795575104,
      "kind": "noise_burst",
      "params": {
        "sigma": 0.017501385783109343
      }
    }
  ]
}