{
  "run_id": 80,
  "seed": 122,
  "run_duration": 60.0,
  "dt": 0.1,
  "initial_quaternion": [
    0.07074031882750226,
    0.9974947655462576,
    0.0,
    0.0
  ],
  "initial_angular_velocity": [
    0.05,
    0.0,
    0.0
  ],
  "fault_injected": true,
  "fault_windows": [
    {
      "start": 19.593040311668375,
      "end": 26.686163499957516,
      "kind": "gyro_bias",
      "params": {
        "bias": [
          -0.04290168697149193,
          0.0,
          0.0
        ]
      }
    }
  ]
}