{
  "run_id": 10,
  "seed": 52,
  "run_duration": 60.0,
  "dt": 0.1,
  "initial_quaternion": [
    0.07074031882750226,
    0.9974947655462576,
    0.0,
    0.0
  ],
  "initial_angular_velocity": [
    0.05,
    0.0,
    0.0
  ],
  "fault_injected": true,
  "fault_windows": [
    {
      "start": 24.703568850837428,
      "end": 29.767464265868963,
      "kind": "gyro_bias",
      "params": {
        "bias": [
          0.0,
          -0.03201169570299173,
          0.0
        ]
      }
    }
  ]
}