{
  "run_id": 65,
  "seed": 107,
  "run_duration": 60.0,
  "dt": 0.1,
  "initial_quaternion": [
    0.07074031882750226,
    0.9974947655462576,
    0.0,
    0.0
  ],
  "initial_angular_velocity": [
    0.05,
    0.0,
    0.0
  ],
  "fault_injected": true,
  "fault_windows": [
    {
      "start": 24.098545749092875,
      "end": 36.446384602781166,
      "kind": "freeze",
      "params": {}
    }
  ]
}