{
  "run_id": 15,
  "seed": 57,
  "run_duration": 60.0,
  "dt": 0.1,
  "initial_quaternion": [
    0.07074031882750226,
    0.9974947655462576,
    0.0,
    0.0
  ],
  "initial_angular_velocity": [
    0.05,
    0.0,
    0.0
  ],
  "fault_injected": true,
  "fault_windows": [
    {
      "start": 36.28441211106762,
      "end": 44.687610189654535,
      "kind": "freeze",
      "params": {}
    }
  ]
}