{
  "run_id": 50,
  "seed": 92,
  "run_duration": 60.0,
  "dt": 0.1,
  "initial_quaternion": [
    0.07074031882750226,
    0.9974947655462576,
    0.0,
    0.0
  ],
  "initial_angular_velocity": [
    0.05,
    0.0,
    0.0
  ],
  "fault_injected": true,
  "fault_windows": [
    {
      "start": 18.61154799853737,
      "end": 26.947697339506725,
      "kind": "freeze",
      "params": {}
    }
  ]
}