{
  "run_id": 34,
  "seed": 76,
  "run_duration": 60.0,
  "dt": 0.1,
  "initial_quaternion": [
    0.07074031882750226,
    0.9974947655462576,
    0.0,
    0.0
  ],
  "initial_angular_velocity": [
    0.05,
    0.0,
    0.0
  ],
  "fault_injected": true,
  "fault_windows": [
    {
      "start": 30.566390692855585,
      "end": 42.775245761115826,
      "kind": "noise_burst",
      "params": {
        "sigma": 0.011562279863044195
      }
    }
  ]
}