{
  "run_id": 92,
  "seed": 134,
  "run_duration": 60.0,
  "dt": 0.1,
  "initial_quaternion": [
    0.07074031882750226,
    0.9974947655462576,
    0.0,
    0.0
  ],
  "initial_angular_velocity": [
    0.05,
    0.0,
    0.0
  ],
  "fault_injected": true,
  "fault_windows": [
    {
      "start": 25.590675594006328,
      "end": 38.39186247967986,
      "kind": "noise_burst",
      "params": {
        "sigma": 0.016052040489499285
      }
    }
  ]
}