{
  "run_id": 16,
  "seed": 58,
  "run_duration": 60.0,
  "dt": 0.1,
  "initial_quaternion": [
    0.07074031882750226,
    0.9974947655462576,
    0.0,
    0.0
  ],
  "initial_angular_velocity": [
    0.05,
    0.0,
    0.0
  ],
  "fault_injected": true,
  "fault_windows": [
    {
      "start": 14.751292277659626,
      "end": 21.835496933813218,
      "kind": "noise_burst",
      "params": {
        "sigma": 0.0269162586639404
      }
    }
  ]
}