{
  "run_id": 26,
  "seed": 68,
  "run_duration": 60.0,
  "dt": 0.1,
  "initial_quaternion": [
    0.07074031882750226,
    0.9974947655462576,
    0.0,
    0.0
  ],
  "initial_angular_velocity": [
    0.05,
    0.0,
    0.0
  ],
  "fault_injected": true,
  "fault_windows": [
    {
      "start": 30.246801791468535,
      "end": 41.50920953412614,
      "kind": "noise_burst",
      "params": {
        "sigma": 0.029516351757970398
      }
    }
  ]
}