{
  "run_id": 19,
  "seed": 61,
  "run_duration": 60.0,
  "dt": 0.1,
  "initial_quaternion": [
    0.07074031882750226,
    0.9974947655462576,
    0.0,
    0.0
  ],
  "initial_angular_velocity": [
    0.05,
    0.0,
    0.0
  ],
  "fault_injected": true,
  "fault_windows": [
    {
      "start": 30.161151726020336,
      "end": 42.25270009142692,
      "kind": "freeze",
      "params": {}
    }
  ]
}