{
  "run_id": 55,
  "seed": 97,
  "run_duration": 60.0,
  "dt": 0.1,
  "initial_quaternion": [
    0.07074031882750226,
    0.9974947655462576,
    0.0,
    0.0
  ],
  "initial_angular_velocity": [
    0.05,
    0.0,
    0.0
  ],
  "fault_injected": true,
  "fault_windows": [
    {
      "start": 24.70135133538586,
      "end": 39.48591152151604,
      "kind": "gyro_bias",
      "params": {
        "bias": [
          0.0,
          0.017197858688156976,
          0.0
        ]
      }
    }
  ]
}