{
  "run_id": 68,
  "seed": 110,
  "run_duration": 60.0,
  "dt": 0.1,
  "initial_quaternion": [
    0.07074031882750226,
    0.9974947655462576,
    0.0,
    0.0
  ],
  "initial_angular_velocity": [
    0.05,
    0.0,
    0.0
  ],
  "fault_injected": true,
  "fault_windows": [
    {
      "start": 31.65083989880636,
      "end": 41.67307820015347,
      "kind": "noise_burst",
      "params": {
        "sigma": 0.014797002156469775
      }
    }
  ]
}