{
  "run_id": 7,
  "seed": 49,
  "run_duration": 60.0,
  "dt": 0.1,
  "initial_quaternion": [
    0.07074031882750226,
    0.9974947655462576,
    0.0,
    0.0
  ],
  "initial_angular_velocity": [
    0.05,
    0.0,
    0.0
  ],
  "fault_injected": true,
  "fault_windows": [
    {
      "start": 20.110207630710732,
      "end": 31.34720048747687,
      "kind": "freeze",
      "params": {}
    }
  ]
}