{
  "run_id": 27,
  "seed": 69,
  "run_duration": 60.0,
  "dt": 0.1,
  "initial_quaternion": [
    0.07074031882750226,
    0.9974947655462576,
    0.0,
    0.0
  ],
  "initial_angular_velocity": [
    0.05,
    0.0,
    0.0
  ],
  "fault_injected": true,
  "fault_windows": [
    {
      "start": 37.13861971633079,
      "end": 49.48622384443765,
      "kind": "freeze",
      "params": {}
    }
  ]
}