{
  "run_id": 28,
  "seed": 70,
  "run_duration": 60.0,
  "dt": 0.1,
  "initial_quaternion": [
    0.07074031882750226,
    0.9974947655462576,
    0.0,
    0.0
  ],
  "initial_angular_velocity": [
    0.05,
    0.0,
    0.0
  ],
  "fault_injected": true,
  "fault_windows": [
    {
      "start": 17.59881574485523,
      "end": 32.25105530880131,
      "kind": "gyro_bias",
      "params": {
        "bias": [
          0.0,
          0.0,
          0.039613865351705906
        ]
      }
    }
  ]
}