{
  "run_id": 61,
  "seed": 103,
  "run_duration": 60.0,
  "dt": 0.1,
  "initial_quaternion": [
    0.07074031882750226,
    0.9974947655462576,
    0.0,
    0.0
  ],
  "initial_angular_velocity": [
    0.05,
    0.0,
    0.0
  ],
  "fault_injected": true,
  "fault_windows": [
    {
      "start": 12.552350211394986,
      "end": 26.154136667329308,
      "kind": "gyro_bias",
      "params": {
        "bias": [
          -0.04430169953521478,
          0.0,
          0.0
        ]
      }
    }
  ]
}