{
  "run_id": 78,
  "seed": 120,
  "run_duration": 60.0,
  "dt": 0.1,
  "initial_quaternion": [
    0.07074031882750226,
    0.9974947655462576,
    0.0,
    0.0
  ],
  "initial_angular_velocity": [
    0.05,
    0.0,
    0.0
  ],
  "fault_injected": true,
  "fault_windows": [
    {
      "start": 15.038909419708508,
      "end": 26.57917462442459,
      "kind": "gyro_bias",
      "params": {
        "bias": [
          -0.033109099393739454,
          0.0,
          0.0
        ]
      }
    }
  ]
}