{
  "run_id": 88,
  "seed": 130,
  "run_duration": 60.0,
  "dt": 0.1,
  "initial_quaternion": [
    0.07074031882750226,
    0.9974947655462576,
    0.0,
    0.0
  ],
  "initial_angular_velocity": [
    0.05,
    0.0,
    0.0
  ],
  "fault_injected": true,
  "fault_windows": [
    {
      "start": 17.013894442697776,
      "end": 26.084472649895737,
      "kind": "noise_burst",
      "params": {
        "sigma": 0.02506649328796676
      }
    }
  ]
}