{
  "run_id": 64,
  "seed": 106,
  "run_duration": 60.0,
  "dt": 0.1,
  "initial_quaternion": [
    0.07074031882750226,
    0.9974947655462576,
    0.0,
    0.0
  ],
  "initial_angular_velocity": [
    0.05,
    0.0,
    0.0
  ],
  "fault_injected": true,
  "fault_windows": [
    {
      "start": 10.420320833913692,
      "end": 20.062975465188345,
      "kind": "noise_burst",
      "params": {
        "sigma": 0.029288845892061648
      }
    }
  ]
}