{
  "run_id": 41,
  "seed": 83,
  "run_duration": 60.0,
  "dt": 0.1,
  "initial_quaternion": [
    0.07074031882750226,
    0.9974947655462576,
    0.0,
    0.0
  ],
  "initial_angular_velocity": [
    0.05,
    0.0,
    0.0
  ],
  "fault_injected": true,
  "fault_windows": [
    {
      "start": 28.647356274282373,
      "end": 36.72216665905006,
      "kind": "noise_burst",
      "params": {
        "sigma": 0.016854990587608087
      }
    }
  ]
}