{
  "run_id": 1,
  "seed": 43,
  "run_duration": 60.0,
  "dt": 0.1,
  "initial_quaternion": [
    0.07074031882750226,
    0.9974947655462576,
    0.0,
    0.0
  ],
  "initial_angular_velocity": [
    0.05,
    0.0,
    0.0
  ],
  "fault_injected": true,
  "fault_windows": [
    {
      "start": 6.721065127471807,
      "end": 20.11319095258211,
      "kind": "noise_burst",
      "params": {
        "sigma": 0.021742860951761166
      }
    }
  ]
}