{
  "run_id": 38,
  "seed": 80,
  "run_duration": 60.0,
  "dt": 0.1,
  "initial_quaternion": [
    0.07074031882750226,
    0.9974947655462576,
    0.0,
    0.0
  ],
  "initial_angular_velocity": [
    0.05,
    0.0,
    0.0
  ],
  "fault_injected": true,
  "fault_windows": [
    {
      "start": 7.318813537555679,
      "end": 18.265885830380597,
      "kind": "gyro_bias",
      "params": {
        "bias": [
          -0.03342854572691693,
          0.0,
          0.0
        ]
      }
    }
  ]
}