{
  "run_id": 98,
  "seed": 140,
  "run_duration": 60.0,
  "dt": 0.1,
  "initial_quaternion": [
    0.07074031882750226,
    0.9974947655462576,
    0.0,
    0.0
  ],
  "initial_angular_velocity": [
    0.05,
    0.0,
    0.0
  ],
  "fault_injected": true,
  "fault_windows": [
    {
      "start": 31.455008933158393,
      "end": 38.68687028196058,
      "kind": "freeze",
      "params": {}
    }
  ]
}