{
  "run_id": 20,
  "seed": 62,
  "run_duration": 60.0,
  "dt": 0.1,
  "initial_quaternion": [
    0.07074031882750226,
    0.9974947655462576,
    0.0,
    0.0
  ],
  "initial_angular_velocity": [
    0.05,
    0.0,
    0.0
  ],
  "fault_injected": true,
  "fault_windows": [
    {
      "start": 34.105105836167,
      "end": 41.983659128952326,
      "kind": "noise_burst",
      "params": {
        "sigma": 0.023864728250155953
      }
    }
  ]
}