{
  "run_id": 77,
  "seed": 119,
  "run_duration": 60.0,
  "dt": 0.1,
  "initial_quaternion": [
    0.07074031882750226,
    0.9974947655462576,
    0.0,
    0.0
  ],
  "initial_angular_velocity": [
    0.05,
    0.0,
    0.0
  ],
  "fault_injected": true,
  "fault_windows": [
    {
      "start": 35.484630388170984,
      "end": 41.920173508919284,
      "kind": "noise_burst",
      "params": {
        "sigma": 0.025132739661709536
      }
    }
  ]
}