{
  "run_id": 99,
  "seed": 141,
  "run_duration": 60.0,
  "dt": 0.1,
  "initial_quaternion": [
    0.07074031882750226,
    0.9974947655462576,
    0.0,
    0.0
  ],
  "initial_angular_velocity": [
    0.05,
    0.0,
    0.0
  ],
  "fault_injected": true,
  "fault_windows": [
    {
      "start": 6.066490116104786,
      "end": 12.878063292260627,
      "kind": "freeze",
      "params": {}
    }
  ]
}