{
  "run_id": 89,
  "seed": 131,
  "run_duration": 60.0,
  "dt": 0.1,
  "initial_quaternion": [
    0.07074031882750226,
    0.9974947655462576,
    0.0,
    0.0
  ],
  "initial_angular_velocity": [
    0.05,
    0.0,
    0.0
  ],
  "fault_injected": true,
  "fault_windows": [
    {
      "start": 25.16402713565019,
      "end": 31.65445066118837,
      "kind": "gyro_bias",
      "params": {
        "bias": [
          0.0,
          0.013271543936378393,
          0.0
        ]
      }
    }
  ]
}