{
  "run_id": 87,
  "seed": 129,
  "run_duration": 60.0,
  "dt": 0.1,
  "initial_quaternion": [
    0.07074031882750226,
    0.9974947655462576,
    0.0,
    0.0
  ],
  "initial_angular_velocity": [
    0.05,
    0.0,
    0.0
  ],
  "fault_injected": true,
  "fault_windows": [
    {
      "start": 38.33260173112041,
      "end": 52.25818524005177,
      "kind": "gyro_bias",
      "params": {
        "bias": [
          -0.04104747781860381,
          0.0,
          0.0
        ]
      }
    }
  ]
}