{
  "run_id": 67,
  "seed": 109,
  "run_duration": 60.0,
  "dt": 0.1,
  "initial_quaternion": [
    0.07074031882750226,
    0.9974947655462576,
    0.0,
    0.0
  ],
  "initial_angular_velocity": [
    0.05,
    0.0,
    0.0
  ],
  "fault_injected": true,
  "fault_windows": [
    {
      "start": 33.00273872319974,
      "end": 41.31909300261347,
      "kind": "gyro_bias",
      "params": {
        "bias": [
          0.0,
          0.0,
          -0.03397012477747733
        ]
      }
    }
  ]
}