{
  "run_id": 5,
  "seed": 47,
  "run_duration": 60.0,
  "dt": 0.1,
  "initial_quaternion": [
    0.07074031882750226,
    0.9974947655462576,
    0.0,
    0.0
  ],
  "initial_angular_velocity": [
    0.05,
    0.0,
    0.0
  ],
  "fault_injected": true,
  "fault_windows": [
    {
      "start": 22.746499376261404,
      "end": 28.783749672740324,
      "kind": "noise_burst",
      "params": {
        "sigma": 0.029337036996514673
      }
    }
  ]
}