{
  "run_id": 48,
  "seed": 90,
  "run_duration": 60.0,
  "dt": 0.1,
  "initial_quaternion": [
    0.07074031882750226,
    0.9974947655462576,
    0.0,
    0.0
  ],
  "initial_angular_velocity": [
    0.05,
    0.0,
    0.0
  ],
  "fault_injected": true,
  "fault_windows": [
    {
      "start": 24.666961850664965,
      "end": 33.85046400909284,
      "kind": "gyro_bias",
      "params": {
        "bias": [
          0.0,
          0.0,
          0.03785247890768461
        ]
      }
    }
  ]
}