{
  "run_id": 95,
  "seed": 137,
  "run_duration": 60.0,
  "dt": 0.1,
  "initial_quaternion": [
    0.07074031882750226,
    0.9974947655462576,
    0.0,
    0.0
  ],
  "initial_angular_velocity": [
    0.05,
    0.0,
    0.0
  ],
  "fault_injected": true,
  "fault_windows": [
    {
      "start": 21.370202378852206,
      "end": 32.62342202895554,
      "kind": "gyro_bias",
      "params": {
        "bias": [
          -0.02869585504373122,
          0.0,
          0.0
        ]
      }
    }
  ]
}