{
  "run_id": 91,
  "seed": 133,
  "run_duration": 60.0,
  "dt": 0.1,
  "initial_quaternion": [
    0.07074031882750226,
    0.9974947655462576,
    0.0,
    0.0
  ],
  "initial_angular_velocity": [
    0.05,
    0.0,
    0.0
  ],
  "fault_injected": true,
  "fault_windows": [
    {
      "start": 18.990566945746764,
      "end": 29.75287128771553,
      "kind": "gyro_bias",
      "params": {
        "bias": [
          0.0,
          -0.03392492142236152,
          0.0
        ]
      }
    }
  ]
}