{
  "run_id": 63,
  "seed": 105,
  "run_duration": 60.0,
  "dt": 0.1,
  "initial_quaternion": [
    0.07074031882750226,
    0.9974947655462576,
    0.0,
    0.0
  ],
  "initial_angular_velocity": [
    0.05,
    0.0,
    0.0
  ],
  "fault_injected": true,
  "fault_windows": [
    {
      "start": 9.482260396078454,
      "end": 19.549303813776,
      "kind": "freeze",
      "params": {}
    }
  ]
}