{
  "run_id": 53,
  "seed": 95,
  "run_duration": 60.0,
  "dt": 0.1,
  "initial_quaternion": [
    0.07074031882750226,
    0.9974947655462576,
    0.0,
    0.0
  ],
  "initial_angular_velocity": [
    0.05,
    0.0,
    0.0
  ],
  "fault_injected": true,
  "fault_windows": [
    {
      "start": 14.141779695987738,
      "end": 22.948444242690414,
      "kind": "gyro_bias",
      "params": {
        "bias": [
          0.0,
          0.0,
          -0.026414002947796535
        ]
      }
    }
  ]
}