{
  "run_id": 22,
  "seed": 64,
  "run_duration": 60.0,
  "dt": 0.1,
  "initial_quaternion": [
    0.07074031882750226,
    0.9974947655462576,
    0.0,
    0.0
  ],
  "initial_angular_velocity": [
    0.05,
    0.0,
    0.0
  ],
  "fault_injected": true,
  "fault_windows": [
    {
      "start": 8.365593747445583,
      "end": 16.55118152900707,
      "kind": "freeze",
      "params": {}
    }
  ]
}